Base de Conhecimento — Ápice,,,,,,,,,,,,,
Preencher 1 linha por produto. Agrupar por Collection. Campos com múltiplos valores: separar por quebra de linha (Alt+Enter).,,,,,,,,,,,,,
,,,,,,,,,,,,,
Collection,Produto,SKU / Handle,Categoria,Ingredientes / Ativos,Para quem é,Benefícios,Prova de eficácia,Projeção / Fixação,Aroma / Família olfativa,Modo de uso,Perguntas frequentes (FAQ),Claims / Selos,Observações / Do not say
Linha Onduladas Nutri Waves,Shampoo Nutri Waves 300ml,shampoo-nutri-waves-300ml,Shampoo,"• Proteína do Arroz (Hydrolyzed Rice Protein): aminoácidos, ação nutritiva, protetora, remineralizante e antioxidante. Repara e fortalece a fibra capilar.
• Tecnologia SuperWave (exclusiva Ápice): polissacarídeos da linhaça e chia — definição máxima dos cachos.
• Glicerina
• Decyl Glucoside (tensoativo suave)
• Base: Aqua, Cocamidopropyl Betaine, Disodium Laureth Sulfosuccinate","• Cabelos ondulados, cacheados, crespos e em transição capilar
• Todas as curvaturas
• Quem segue técnicas No Poo / Low Poo
• Liberado para crianças acima de 3 anos","• Higieniza sem agredir o couro cabeludo
• Promove limpeza, maciez e reconstrução
• Ajuda a reparar fios danificados por agentes externos
• Reduz eletricidade estática
• Realça o movimento natural da curvatura","• 414+ avaliações com média 4.49⭐ na loja oficial
• Liberado para Low Poo (validado via INCI)
• pH 5,5 a 6,4 (compatível com couro cabeludo)
• Dermatologicamente testado
• Aprovado por 99% das dermatologistas consultadas
• 72% na redução de Frizz
• 90% + brilho ",N/A (categoria higienização capilar),"• Fragrância de coco característica da linha
• Perfumação duradoura (feedback recorrente em reviews: “cheiro dura dias”)","1. Molhe bem os cabelos
2. Aplique o shampoo diretamente no couro cabeludo molhado
3. Com movimentos circulares e suaves, higienize couro cabeludo e fios
4. Durante o enxágue, deixe o produto escorrer pelo comprimento
5. Se necessário, repita o processo
6. Finalize com Condicionador Nutri Waves
Uso: diário","P: É liberado para No Poo?
R: Liberado para Low Poo.

P: Serve para cabelo liso?
R: Indicado para ondulados, cacheados, crespos e transição. Lisos podem usar, mas não é o foco da fórmula.

P: Pode usar em criança?
R: Sim, acima de 3 anos.

P: Tem versão maior?
R: Sim, versão 1000ml.

P: Qual o pH?
R: Entre 5,5 e 6,4.","• Vegano
• Cruelty free
• Livre de sulfatos, silicones e parabenos
• Liberado Low Poo
• Dermatologicamente testado
• Ingredientes biodegradáveis","Não afirmar “liberado No Poo” (é apenas Low Poo). Não prometer alisamento ou redução de volume — a proposta é realçar curvatura, não modificá-la."
Linha Onduladas Nutri Waves,Creme de Pentear Nutri Waves 500g,cond-crm-pt-nutri-waves-500g,Creme de Pentear / Finalizador,"• Proteína do Arroz
• Tecnologia SuperWave (linhaça + chia)
• Óleo de Pracaxi: hidratação profunda, redução de frizz, brilho, fortalecimento e definição de ondas
• Manteiga de Karité: emoliente, nutrição profunda, brilho e suavidade
• Aminoácidos: brilho, elasticidade e resistência","• Cabelos ondulados, cacheados, crespos e em transição
• Todas as curvaturas
• Seguidoras de No Poo / Low Poo
• Uso diário
• Crianças acima de 3 anos","• Definição dos fios e penteabilidade
• Nutre e desenvolve o movimento natural da curvatura
• Ação condicionante sem deixar resíduo
• Não precisa enxaguar
• Controle de frizz e hidratação intensa","• Liberado para No Poo e Low Poo
• pH 3,0 a 4,0 (ácido, fecha cutícula)
• Ingredientes biodegradáveis
• Reviews 4.5+⭐ em múltiplas páginas de kit
• Aprovado por 99% das dermatologistas consultadas
• 72% na redução de Frizz
• 90% + brilho","• Finalização duradoura (feedback: “durinho” típico de géis não é característico, textura creme)
• Uso diário sem pesar","• Linha Nutri Waves — aroma fresco característico da família
• Perfumação presente, sem ser invasiva","1. Após lavar e condicionar, com os cabelos úmidos ou secos, aplique o creme
2. Espalhe com pente ou técnica de aplicação favorita (ex. fitagem, dedoleira)
3. Para maior definição, combine com a Gelatina Nutri Waves
4. Não precisa enxaguar
5. Uso diário — pode reativar em fios secos no day after
Dica: para quebrar o “durinho” da gelatina após secagem, use sérum ou óleo 100% vegetal","P: Precisa enxaguar?
R: Não, é leave-in.

P: Dá efeito durinho?
R: O creme em si não. Se combinado com gelatina, pode dar leve efeito — quebrar com sérum.

P: Serve para day after?
R: Sim, aplicar em fios secos para revitalizar cachos.

P: Posso usar junto com outro leave-in?
R: Sim, inclusive potencializa resultado.

P: Tem versão maior?
R: Sim, 1000ml.","• Vegano
• Cruelty free
• Livre de sulfatos, silicones e parabenos
• Liberado No Poo e Low Poo
• Ingredientes biodegradáveis
• Seguro para crianças 3+",Produto âncora de AOV — priorizar em bundles e kits (“Kit Nutri Waves 4 itens” é hero do ecossistema). Reforçar combinação com Gelatina para CRO em PDP.
Linha Onduladas Nutri Waves,Condicionador Acidificante e Leave In Nutri Waves 1000ml,cond-nutri-waves-1000ml,Condicionador 2 em 1,"• Proteína do Arroz
• Tecnologia SuperWave (linhaça + chia)
• Óleo de Coco: vitaminas, lipídios e proteínas — hidratação profunda e nutrição
• Aminoácidos
• Base condicionante com pH ácido para fechamento de cutícula","• Cabelos porosos e quimicamente tratados
• Ondulados, cacheados, crespos e transição
• Quem busca tratamento de porosidade
• Usuárias que querem 2 produtos em 1 (economia e praticidade)
• No Poo / Low Poo
• Crianças acima de 3 anos","• 2 em 1: condicionador de enxágue + leave-in
• Trata porosidade capilar
• Fecha as cutículas = fios mais saudáveis, brilhantes e alinhados
• Cabelos macios, leves e soltos
• Ação condicionante sem resíduo","• pH ácido (3,0 a 4,0) — cientificamente indicado para controle de porosidade
• Liberado No Poo e Low Poo
• Reviews destacam recuperação de fios com química (mechas, coloração)
• Dermatologicamente testado
• Aprovado por 99% das dermatologistas consultadas
• 72% na redução de Frizz
• 90% + brilho",N/A,"• Aroma Nutri Waves da linha
• Perfumação percebida como “duradoura” em reviews
• Mirra e notas orientais","MODO 1 — ENXÁGUE:
1. Após lavar com Shampoo Nutri Waves, aplique no comprimento dos fios
2. Deixe agir por 3 minutos
3. Enxágue

MODO 2 — LEAVE-IN:
1. Após higienização, aplique uma pequena quantidade em cabelo úmido
2. Espalhe pelo comprimento e pontas
3. Não enxágue
4. Finalize com creme de pentear ou gelatina se quiser mais definição","P: Posso usar como leave-in mesmo?
R: Sim, é 2 em 1. Pode usar como enxágue OU sem enxaguar.

P: Ajuda em cabelo poroso?
R: Sim, foi desenvolvido para tratar porosidade — pH ácido fecha a cutícula.

P: Serve pra cabelo com química (mechas, progressiva)?
R: Sim, indicado inclusive para fios tratados quimicamente.

P: Posso usar todo dia?
R: Sim, uso diário liberado.

P: Tem versão menor?
R: Sim, há formatos menores da linha Nutri Waves.","• Vegano
• Cruelty free
• Livre de sulfatos, silicones e parabenos
• Liberado No Poo e Low Poo
• Ingredientes biodegradáveis
• 2 em 1",Comunicar claramente os DOIS modos de uso — é diferencial da SKU. Versão 1000ml é foco de ticket alto: priorizar em upsell de PDP e cart drawer. Não posicionar como máscara de tratamento (é condicionador + leave-in).
Linha Onduladas Nutri Waves,Condicionador Acidificante e Leave In Nutri Waves 1000ml,cond-nutri-waves-1000ml,Condicionador 2 em 1,"• Proteína do Arroz
• Tecnologia SuperWave (linhaça + chia)
• Óleo de Coco: vitaminas, lipídios e proteínas — hidratação profunda e nutrição
• Aminoácidos
• Base condicionante com pH ácido para fechamento de cutícula","• Cabelos porosos e quimicamente tratados
• Ondulados, cacheados, crespos e transição
• Quem busca tratamento de porosidade
• Usuárias que querem 2 produtos em 1 (economia e praticidade)
• No Poo / Low Poo
• Crianças acima de 3 anos","• 2 em 1: condicionador de enxágue + leave-in
• Trata porosidade capilar
• Fecha as cutículas = fios mais saudáveis, brilhantes e alinhados
• Cabelos macios, leves e soltos
• Ação condicionante sem resíduo","• pH ácido (3,0 a 4,0) — cientificamente indicado para controle de porosidade
• Liberado No Poo e Low Poo
• Reviews destacam recuperação de fios com química (mechas, coloração)
• Dermatologicamente testado
• Aprovado por 99% das dermatologistas consultadas
• 72% na redução de Frizz
• 90% + brilho",N/A,"• Aroma Nutri Waves da linha
• Perfumação percebida como “duradoura” em reviews
• Mirra e notas orientais","MODO 1 — ENXÁGUE:
1. Após lavar com Shampoo Nutri Waves, aplique no comprimento dos fios
2. Deixe agir por 3 minutos
3. Enxágue

MODO 2 — LEAVE-IN:
1. Após higienização, aplique uma pequena quantidade em cabelo úmido
2. Espalhe pelo comprimento e pontas
3. Não enxágue
4. Finalize com creme de pentear ou gelatina se quiser mais definição","P: Posso usar como leave-in mesmo?
R: Sim, é 2 em 1. Pode usar como enxágue OU sem enxaguar.

P: Ajuda em cabelo poroso?
R: Sim, foi desenvolvido para tratar porosidade — pH ácido fecha a cutícula.

P: Serve pra cabelo com química (mechas, progressiva)?
R: Sim, indicado inclusive para fios tratados quimicamente.

P: Posso usar todo dia?
R: Sim, uso diário liberado.

P: Tem versão menor?
R: Sim, há formatos menores da linha Nutri Waves.","• Vegano
• Cruelty free
• Livre de sulfatos, silicones e parabenos
• Liberado No Poo e Low Poo
• Ingredientes biodegradáveis
• 2 em 1",Comunicar claramente os DOIS modos de uso — é diferencial da SKU. Versão 1000ml é foco de ticket alto: priorizar em upsell de PDP e cart drawer. Não posicionar como máscara de tratamento (é condicionador + leave-in).
Linha Cachos,Shampoo Cachos Nutritivo 300ml,shampoo-cachos-nutritivo-300ml,Shampoo,"• D-Pantenol (Pró-Vitamina B5): ação hidratante, manutenção da umidade natural
• Óleo de Coco: vitaminas, lipídios e proteínas — umectante e hidratante
• Extrato de Aloe Vera: reduz irritação no couro cabeludo, hidrata os fios
• Base: Aqua, Cocamidopropyl Betaine, Disodium Laureth Sulfosuccinate, Lauryl Glucoside, Acrylates Copolymer, Panthenol","• Cabelos cacheados, ondulados, crespos ou em transição capilar
• Liberado para Low Poo
• Uso diário
• Crianças acima de 3 anos","• Higieniza sem agredir o couro cabeludo
• Promove cachos limpos, macios, leves e nutridos
• Realça o movimento natural da curvatura
• Hidratação profunda e nutrição intensa
• Couro cabeludo saudável e fios mais resistentes","• pH 5,20 a 5,60 (compatível com couro cabeludo)
• Liberado Low Poo (validado via INCI)
• Dermatologicamente testado
• Vegano
• Sem sulfatos, parabenos e silicones",N/A (categoria higienização capilar),"• Fragrância doce e marcante da linha Cachos
• Nova fragrância na versão Essence — feedback positivo em reviews","1. Aplique o shampoo no couro cabeludo molhado
2. Com movimentos circulares e suaves, higienize o couro cabeludo e os fios
3. Durante o enxágue, deixe o produto escorrer pelo comprimento
4. Se necessário, repita o processo
5. Finalize com o Condicionador Cachos","P: É Low Poo? R: Sim, liberado para Low Poo.
P: É No Poo? R: Não — apenas Low Poo.
P: Pode usar em criança? R: Sim, acima de 3 anos.
P: Tem versão maior? R: Sim, 1000ml.
P: Qual o pH? R: Entre 5,20 e 5,60.","• Vegano
• Cruelty free
• Livre de sulfatos, silicones e parabenos
• Liberado Low Poo
• Dermatologicamente testado",Não afirmar 'liberado No Poo' — é apenas Low Poo. Versão Essence é a reformulação com nova fragrância — mesma performance.
Linha Cachos,Shampoo Cachos Nutritivo 1000ml,shampoo-cachos-nutritivo-1000ml,Shampoo,"• D-Pantenol (Pró-Vitamina B5): ação hidratante
• Óleo de Coco: umectante e hidratante
• Extrato de Aloe Vera: hidrata e acalma o couro cabeludo
• Base: Aqua, Cocamidopropyl Betaine, Disodium Laureth Sulfosuccinate, Lauryl Glucoside, Panthenol","• Cabelos cacheados, ondulados, crespos ou em transição
• Liberado para Low Poo
• Uso diário
• Crianças acima de 3 anos
• Quem usa grandes volumes (melhor custo-benefício)","• Higieniza sem agredir o couro cabeludo
• Cachos limpos, macios, leves e nutridos
• Realça o movimento natural da curvatura","• pH 5,20 a 5,60
• Liberado Low Poo
• Dermatologicamente testado
• Vegano",N/A (higienização capilar),• Fragrância doce da linha Cachos,"1. Aplique no couro cabeludo molhado
2. Massageie suavemente com movimentos circulares
3. Enxágue, deixando escorrer pelos fios
4. Repita se necessário
5. Finalize com o Condicionador Cachos","P: É Low Poo? R: Sim.
P: Tem versão menor? R: Sim, 300ml.
P: Pode usar diariamente? R: Sim.","• Vegano
• Cruelty free
• Livre de sulfatos, silicones e parabenos
• Liberado Low Poo
• Dermatologicamente testado",Não afirmar No Poo — apenas Low Poo. Versão econômica para uso frequente.
Linha Cachos,Condicionador Cachos Nutritivo 300ml,condicionador-cachos-300ml,Condicionador,"• Óleo de Coco: vitaminas, lipídios e proteínas — umectante e hidratante
• Manteiga de Karité (Butyrospermum Parkii): emoliente, nutrição profunda, brilho e suavidade
• Ação acidificante (pH ácido): sela as cutículas, preserva ativos na fibra capilar
• Aqua, Cetearyl Alcohol, Cetrimonium Chloride, Caprylic/Capric Triglyceride, Alcohol, Guar Hydroxypropyltrimonium Chloride, Lactic Acid, Glycerin","• Cabelos cacheados, ondulados, crespos ou em transição
• Liberado para No Poo e Low Poo
• Uso diário
• Crianças acima de 3 anos","• Sela as cutículas — fios mais brilhosos e macios
• Preserva ativos vegetais na fibra capilar
• Fortalece e hidrata os fios
• Desembaraço imediato
• Ação condicionante e acidificante","• pH 2,5 a 3,5 (ação acidificante comprovada)
• Liberado No Poo e Low Poo
• Dermatologicamente testado
• Vegano",N/A,• Fragrância doce da linha Cachos,"1. Após o Shampoo Cachos, aplique no comprimento dos fios
2. Massageie e enluve bem, garantindo aplicação uniforme
3. Evite contato com o couro cabeludo
4. Deixe agir até 3 minutos para potencializar o efeito acidificante
5. Enxágue completamente","P: É No Poo? R: Sim, liberado para No Poo e Low Poo.
P: Pode usar no couro cabeludo? R: Não — aplicar apenas no comprimento e pontas.
P: Pode usar todo dia? R: Sim.
P: Tem versão maior? R: Sim, 1000ml.","• Vegano
• Cruelty free
• Livre de sulfatos, silicones e parabenos
• Liberado No Poo e Low Poo
• Dermatologicamente testado",Condicionador com pH ácido — diferencial de fechamento de cutícula. Nunca aplicar no couro cabeludo.
Linha Cachos,Condicionador Cachos Nutritivo 1000ml,condicionador-cachos-1000ml,Condicionador,"• Óleo de Coco: vitaminas, lipídios e proteínas — umectante e hidratante
• Manteiga de Karité: emoliente, nutrição profunda, brilho e suavidade
• Ação acidificante: sela as cutículas
• Aqua, Cetearyl Alcohol, Cetrimonium Chloride, Caprylic/Capric Triglyceride, Lactic Acid","• Cabelos cacheados, ondulados, crespos ou em transição
• Liberado para No Poo e Low Poo
• Uso diário / uso frequente
• Crianças acima de 3 anos","• Sela as cutículas — fios brilhosos e macios
• Preserva ativos na fibra capilar
• Fortalece e hidrata
• Ação acidificante","• pH 2,5 a 3,5
• Liberado No Poo e Low Poo
• Vegano",N/A,• Fragrância da linha Cachos,"1. Após o Shampoo, aplique no comprimento dos fios
2. Enluve bem, evite o couro cabeludo
3. Deixe agir até 3 minutos
4. Enxágue completamente","P: É versão econômica? R: Sim, maior volume, melhor custo-benefício.
P: Mesma fórmula? R: Sim.","• Vegano
• Cruelty free
• Livre de sulfatos, silicones e parabenos
• Liberado No Poo e Low Poo",Versão econômica. Priorizar em upsell. Não aplicar no couro cabeludo.
Linha Cachos,Máscara Cachos Hidratante Nutritiva 300g,mascara-cachos-hidratante-300g,Máscara de Tratamento,"• Óleo de Coco: vitaminas, lipídios e proteínas — umectante e hidratante
• Manteiga de Karité: emoliente, nutrição profunda, brilho e suavidade
• Tecnologia SuperWave (linhaça + chia): definição máxima dos cachos
• Aqua, Stearyl Alcohol, Cetyl Alcohol, Cetrimonium Chloride, Alcohol, Caprylic/Capric Triglyceride","• Cabelos ondulados, cacheados, crespos e em transição
• Cabelos ressecados com necessidade de nutrição intensa
• Uso semanal ou conforme necessidade
• Crianças acima de 3 anos","• Hidratação profunda e nutrição intensa
• Cabelos macios, brilhosos e com movimento natural
• Tratamento condicionante
• Fortalece os fios
• Define os cachos","• Dermatologicamente testado
• Reviews destacam maciez e brilho
• Vegano",N/A (produto de enxágue),• Fragrância doce da linha Cachos,"1. Após o Shampoo Cachos, aplique a máscara nos fios
2. Massageie bem
3. Deixe agir por até 15 minutos
4. Enxágue
5. Aplique o Condicionador Cachos para selar as cutículas
6. Finalize com Ativador ou Gelatina","P: Com que frequência? R: Semanal ou conforme necessidade.
P: Substitui o condicionador? R: Não — use o condicionador após a máscara para selar.
P: Tem versão maior? R: Sim, 500g.","• Vegano
• Cruelty free
• Livre de sulfatos, silicones e parabenos
• Liberado No Poo e Low Poo
• Dermatologicamente testado",Produto de tratamento intensivo — não confundir com condicionador de enxágue. Sempre reforçar o uso do condicionador após a máscara.
Linha Cachos,Máscara Cachos Hidratante Nutritiva 500g,mascara-cachos-hidratante-500g,Máscara de Tratamento,"• Óleo de Coco: umectante e hidratante
• Manteiga de Karité: emoliente, nutrição profunda
• Tecnologia SuperWave (linhaça + chia): definição dos cachos","• Cabelos ondulados, cacheados, crespos e em transição
• Uso semanal / uso intensivo
• Quem usa grandes volumes
• Crianças acima de 3 anos","• Hidratação profunda e nutrição intensa
• Cabelos macios, brilhosos e definidos
• Tratamento condicionante","• Dermatologicamente testado
• Vegano",N/A (produto de enxágue),• Fragrância da linha Cachos,"1. Após o Shampoo, aplique a máscara
2. Massageie os fios
3. Deixe agir por até 15 minutos
4. Enxágue
5. Aplique condicionador para selar as cutículas","P: É versão econômica? R: Sim, 500g tem melhor custo-benefício.
P: Frequência? R: Semanalmente ou conforme necessidade.","• Vegano
• Cruelty free
• Livre de sulfatos, silicones e parabenos
• Liberado No Poo e Low Poo",Versão econômica da máscara. Priorizar em upsell para quem compra a 300g.
Linha Cachos,Gelatina Ativadora e Umidificadora Cachos 300ml,gelatina-ativadora-300ml,Gelatina / Finalizador,"• Tecnologia SuperWave (extrato de linhaça + chia): ativação e fixação exclusiva de cachos
• Óleo de Coco (Cocos Nucifera): umectante e hidratante
• Poliquatérnio-7: condicionante
• Xilitol: umectante natural
• Aqua, Propylene Glycol, Glycerin, Hydroxyethylcellulose, PEG-90, Lactic Acid, Phenoxyethanol","• Cabelos cacheados, ondulados, crespos ou em transição
• Liberado para Low Poo e No Poo
• Uso diário — fios molhados ou secos
• Crianças acima de 3 anos","• Define e ativa os cachos com efeito leve
• Versátil — uso em fios secos ou molhados
• Pode ser usada pura ou com o Ativador
• Ação condicionante — toque macio
• Sem enxágue, não deixa resíduo
• Controle de frizz com brilho","• pH 3,0 a 4,0
• Liberado No Poo e Low Poo
• Reviews: 'não resseca', 'dá brilho e definição', 'não pesa'
• Vegano","• Leve a média fixação
• Ideal para misturinhas com o Ativador
• Sem efeito durinho excessivo",• Fragrância doce e marcante da linha Cachos,"1. Com cabelos molhados ou secos, aplique a gelatina
2. Espalhe com pente ou técnica favorita
3. Para maior definição, combine com o Ativador e Modelador Cachos
4. Não enxaguar
5. Use em fios secos para revitalizar (day after)
6. Dica: para quebrar o 'durinho' após secagem, use sérum ou óleo 100% vegetal","P: Precisa enxaguar? R: Não.
P: É No Poo? R: Sim, liberado para No Poo e Low Poo.
P: Pode usar no day after? R: Sim.
P: Dá efeito durinho? R: Levemente — para quebrar, use sérum ou óleo vegetal.
P: Tem versão maior? R: Sim, 500ml.","• Vegano
• Cruelty free
• Livre de sulfatos, silicones e parabenos
• Liberado No Poo e Low Poo
• Dermatologicamente testado",Comunicar os dois usos: fios molhados E fios secos (day after). Potencializa com o Ativador. Não tem álcool — não resseca.
Linha Cachos,Gelatina Ativadora e Umidificadora Cachos 500ml,gelatina-ativadora-cachos-500ml,Gelatina / Finalizador,"• Tecnologia SuperWave (extrato de linhaça + chia): fixação exclusiva
• Óleo de Coco: umectante e hidratante
• Poliquatérnio-7: condicionante
• Xilitol: umectante
• Aqua, Propylene Glycol, Glycerin, Hydroxyethylcellulose, PEG-90, Lactic Acid","• Cabelos cacheados, ondulados, crespos ou em transição
• Liberado para Low Poo e No Poo
• Uso diário / uso frequente
• Crianças acima de 3 anos","• Define e ativa os cachos com efeito leve
• Uso em fios secos ou molhados
• Sem enxágue, não deixa resíduo
• Ação condicionante e controle de frizz","• pH 3,0 a 4,0
• Liberado No Poo e Low Poo
• Vegano",• Leve a média fixação,• Fragrância doce da linha Cachos,"1. Aplique em cabelos molhados ou secos
2. Espalhe com pente ou técnica favorita
3. Combine com o Ativador para mais definição
4. Não enxaguar
5. Use em fios secos no day after","P: É versão econômica? R: Sim, maior volume.
P: Mesma fórmula? R: Sim.","• Vegano
• Cruelty free
• Livre de sulfatos, silicones e parabenos
• Liberado No Poo e Low Poo",Versão econômica. Priorizar em upsell para quem compra 300ml.
Linha Cachos,Ativador e Modelador Anti-Frizz Cachos 500g,ativador-e-modelador-500g,Ativador / Modelador,"• Óleo de Coco: vitaminas, lipídios e proteínas — umectante e hidratante
• Tecnologia SuperWave (linhaça + chia): definição máxima e forma duradoura
• Manteiga de Karité: emoliente, nutrição, brilho e suavidade
• Ação condicionante (pH 3,0 a 4,0)","• Cabelos ondulados, cacheados, crespos e em transição (do tipo 2A ao 3C)
• Liberado para No Poo e Low Poo
• Uso diário
• Crianças acima de 3 anos
• Quem busca definição anti-frizz sem efeito durinho","• Ativa e modela com ação condicionante
• Define sem pesar e sem deixar resíduo
• Controla o frizz e realça o movimento natural
• Hidratação leve e brilho radiante
• Uso em fios molhados ou secos (day after)","• 1042+ avaliações com média 4.55⭐
• pH 3,0 a 4,0
• Liberado No Poo e Low Poo
• Dermatologicamente testado
• Vegano","• Fixação média com efeito condicionante
• Não deixa efeito durinho
• Uso diário sem acúmulo de produto","• Nova fragrância na versão Essence — marcante e duradoura
• Feedback recorrente de cheiro gostoso","1. Lave com o Shampoo da linha Cachos
2. Mantenha o cabelo bem úmido
3. Aplique na mecha deslizando do comprimento às pontas
4. Faça a técnica de fitagem preferida
5. Seque naturalmente ou com difusor (movimentos suaves)
6. Para mais definição, combine com a Gelatina Cachos
7. No day after, aplique em fios secos para revitalizar","P: Dá efeito durinho? R: Não — ação condicionante, toque macio.
P: Pode usar todo dia? R: Sim, inclusive em fios secos.
P: É No Poo? R: Sim.
P: Tem versão maior? R: Sim, 1000ml e Refil 500ml.
P: Como potencializar? R: Combine com a Gelatina Ativadora Cachos.","• Vegano
• 100% vegano com ativos naturais e biodegradáveis
• Cruelty free
• Livre de sulfatos, silicones e parabenos
• Liberado No Poo e Low Poo
• Dermatologicamente testado
• Liberado para crianças a partir de 3 anos",Produto âncora da linha — priorizar em bundles e kits. Comunicar que não dá efeito durinho (diferencial vs. gelatinas). Reforçar uso no day after.
Linha Cachos,Ativador e Modelador Anti-Frizz Cachos Refil 500ml,ativador-e-modelador-anti-frizz-cachos-refil-420g,Ativador / Modelador — Refil,"• Óleo de Coco: umectante e hidratante
• Tecnologia SuperWave (linhaça + chia): definição máxima
• Manteiga de Karité: emoliente e nutritiva
• Ação condicionante (pH 3,0 a 4,0)","• Consumidoras recorrentes do Ativador Cachos
• Cabelos ondulados, cacheados, crespos e em transição
• Liberado No Poo e Low Poo
• Uso diário","• Mesma fórmula do Ativador 500g
• Opção econômica e sustentável (refil)
• Define, modela e controla frizz
• Ação condicionante sem resíduo","• 79+ avaliações com média 4.71⭐
• pH 3,0 a 4,0
• Liberado No Poo e Low Poo
• Vegano",• Fixação média condicionante (igual ao 500g),• Fragrância da linha Cachos,"1. Transfira para pote ou embalagem reutilizável
2. Aplique nos fios úmidos, deslizando do comprimento às pontas
3. Técnica de fitagem preferida
4. Para mais definição, combine com a Gelatina
5. Use em fios secos no day after","P: É a mesma fórmula? R: Sim, mesma performance do 500g.
P: Precisa de pote separado? R: Sim — é refil.
P: É mais econômico? R: Sim, custo por ml menor.","• Vegano
• Cruelty free
• Livre de sulfatos, silicones e parabenos
• Liberado No Poo e Low Poo",Posicionar como opção sustentável e econômica para fidelização. Cliente precisa ter o pote original ou comprar avulso.
Linha PH Control,Máscara PH Control Anti Porosidade 280g,mascara-ph-control-280g,Máscara de Tratamento / Anti Porosidade,"• Active Shine Amazon: combinação de lipídios das palmeiras brasileiras — reorganiza cutículas, brilho, penteabilidade, desembaraço e maciez
• ACQUACREAM C22: cera vegetal com propriedades emulsificantes — condicionamento profundo nas cutículas
• K-OIL Blend 12 óleos: blend de óleos vegetais amazônicos — hidratação e nutrição intensas
• Manteiga de Murumuru: reconstrói fios danificados, preenche fissuras, alinha cutículas
• Manteiga de Cacau: hidratante e emoliente, regenera a fibra capilar
• Nutriamino CA: restauração das microestruturas corticais, retenção de umidade, brilho","• Cabelos porosos de todas as curvaturas (ondulados, cacheados, crespos, transição)
• Quem sofre com fios ressecados, sem vida ou dificuldade em manter hidratação
• Liberado para Low Poo e No Poo
• Crianças acima de 3 anos","• Sela as cutículas com efeito teia acidificante
• Preserva os ativos vegetais na fibra capilar
• Controla e trata a porosidade capilar
• Fios mais macios, brilhosos e hidratados
• Alinha os fios e reduz o frizz
• Garante que a hidratação permaneça no cabelo por mais tempo","• 1033+ avaliações ⭐ 4.4 — produto individual mais vendido da linha
• pH 2,0 a 3,0 (muito acidificante — sela cutícula com eficácia)
• Reviews: 'salvou meu cabelo poroso', 'diferença imediata', 'fio como outro'
• Liberado No Poo e Low Poo",N/A (produto de enxágue),• Fragrância suave da linha PH Control,"1. Lave os cabelos com o Shampoo PH Control
2. Aplique a Máscara nos fios
3. Enluve bem para garantir aplicação uniforme
4. Deixe agir por 3 a 5 minutos
5. Enxágue bem, removendo completamente o produto
6. Se desejar, aplique o Condicionador PH Control para potencializar o selamento","P: Pode usar toda semana? R: Sim, ideal para uso semanal ou conforme necessidade do cabelo.
P: É No Poo? R: Sim, liberado para No Poo e Low Poo.
P: Qual o pH? R: 2,0 a 3,0 — muito acidificante, ideal para fechar cutículas.
P: Substitui o condicionador? R: Não — use após o shampoo, e o condicionador PH Control para fechar a cutícula depois.","• Vegano
• Cruelty free
• Livre de sulfatos, silicones e parabenos
• Liberado No Poo e Low Poo
• Ativos vegetais amazônicos (Active Shine Amazon)",#2 produto individual mais vendido da Ápice (1033 av). Posicionar como solução essencial para porosidade. Comunicar o 'efeito teia acidificante' como diferencial vs. máscaras comuns.
Linha PH Control,Shampoo PH Control 300ml,shampoo-ph-control-300ml,Shampoo,"• Active Shine Amazon: reorganiza cutículas, brilho e penteabilidade
• K-OIL Blend 12 óleos: hidratação e nutrição
• Manteiga de Murumuru e Manteiga de Cacau: reconstrução e maciez
• Base: Aqua, Cocamidopropyl Betaine, tensoativos suaves — Low Poo","• Cabelos porosos de todas as curvaturas
• Liberado para Low Poo
• Uso diário
• Crianças acima de 3 anos","• Higieniza suavemente sem agredir o couro cabeludo
• Prepara os fios para receber o tratamento Anti Porosidade
• Equilíbrio do pH capilar desde a lavagem
• Fios limpos, nutridos e prontos para o tratamento","• Parte da Linha PH Control — a mais vendida anti-porosidade da Ápice
• Liberado Low Poo",N/A,• Fragrância suave da linha PH Control,"1. Aplique no couro cabeludo molhado
2. Massageie com movimentos circulares
3. Enxágue deixando escorrer pelos fios
4. Repita se necessário
5. Finalize com a Máscara PH Control e Condicionador PH Control","P: É Low Poo? R: Sim.
P: Pode usar todo dia? R: Sim, uso diário.
P: Combinação recomendada? R: Shampoo + Máscara + Condicionador PH Control.","• Vegano
• Cruelty free
• Livre de sulfatos, silicones e parabenos
• Liberado Low Poo",Parte do ecossistema PH Control. Posicionar sempre em conjunto com a Máscara e o Condicionador da linha.
Linha PH Control,Condicionador PH Control 300ml,cond-ph-control-300ml,Condicionador / Acidificante,"• Active Shine Amazon: reorganiza cutículas, brilho e desembaraço
• K-OIL Blend 12 óleos: hidratação intensa
• Manteiga de Murumuru e Manteiga de Cacau: reconstrução e maciez
• pH muito ácido — potencializa o selamento das cutículas","• Cabelos porosos de todas as curvaturas
• Liberado para No Poo e Low Poo
• Uso diário
• Crianças acima de 3 anos","• Sela as cutículas com ação acidificante
• Potencializa os resultados da Máscara PH Control
• Fios brilhosos, macios e alinhados
• Garante que a hidratação permaneça nos fios","• Parte da Linha PH Control — a mais vendida anti-porosidade da Ápice
• Liberado No Poo e Low Poo",N/A,• Fragrância suave da linha PH Control,"1. Após o Shampoo PH Control (e Máscara se usar), aplique no comprimento dos fios
2. Enluve bem, evitando o couro cabeludo
3. Deixe agir até 3 minutos
4. Enxágue completamente","P: É No Poo? R: Sim.
P: Pode usar sem a máscara? R: Sim — mas o resultado é potencializado com a Máscara PH Control.
P: Tem versão maior? R: Consultar site.","• Vegano
• Cruelty free
• Livre de sulfatos, silicones e parabenos
• Liberado No Poo e Low Poo",Usar após a Máscara PH Control — não aplicar no couro cabeludo. Ecossistema completo: Shampoo + Máscara + Condicionador.
Linha Crespo Power,Co Wash Limpeza Suave Crespo Power 300ml,co-wash-limpeza-suave-300ml,Co Wash / Limpeza Condicionante,"• Óleo de Semente de Uva: altamente hidratante, previne queda, fortalece fios, auxilia no crescimento capilar
• Manteiga de Murumuru: reconstrói fios danificados, preenche fissuras, alinha cutículas, devolve elasticidade
• Manteiga de Cacau: hidratante e emoliente, regenera a fibra capilar
• Óleo de Buriti: protege a queratina e colágeno, previne quebra, frizz e pontas duplas — filtro solar natural","• Cabelos crespos, cacheados ou com alta porosidade
• Adeptos da técnica No Poo (liberado para No Poo)
• Uso diário
• Crianças acima de 3 anos","• Higieniza sem agredir o couro cabeludo
• Limpeza suave com nutrição simultânea dos fios
• Fios nutridos, macios e brilhosos desde a lavagem
• Ideal para quem não usa shampoo convencional (No Poo)
• Contém filtro solar natural (Buriti)","• 640+ avaliações ⭐ 4.58 — produto individual mais vendido da linha Crespo
• pH 3,5 a 4,5 (ácido, condicionante)
• Liberado No Poo
• Reviews: 'milagroso', 'cabelo definido e macio em 1 semana', 'nunca mais uso outro'",N/A (higienização),• Fragrância da linha Crespo Power,"1. Aplique o Co Wash no couro cabeludo e fios umedecidos
2. Massageie bem
3. Enxágue completamente
4. Repita se necessário
5. Para maior condicionamento, aplique o Condicionador Crespo Power após o co-wash
6. Finalize com Creme de Pentear ou Gelatina Crespo Power","P: Substitui o shampoo? R: Sim — é um co-wash, limpa sem fazer espuma (No Poo).
P: Pode usar todo dia? R: Sim, uso diário.
P: Para quem é? R: Cabelos crespos, cacheados ou com alta porosidade.
P: Tem versão maior? R: Sim, 1000ml.","• Vegano
• Cruelty free
• Livre de sulfatos, silicones e parabenos
• Liberado No Poo
• Com filtro solar natural (Óleo de Buriti)",Produto âncora da linha Crespo Power. Produto individual mais vendido da linha (640 av). Comunicar que NÃO faz espuma — é uma técnica de limpeza diferente. Ótimo para apresentar a técnica No Poo para novos consumidores.
Linha Cachos,Ativador e Modelador Anti-Frizz Cachos 1000ml,ativador-e-modelador-cachos-1000ml,Ativador / Modelador,"• Óleo de Coco: vitaminas, lipídios e proteínas — umectante e hidratante
• Tecnologia SuperWave (linhaça + chia): definição máxima e forma duradoura
• Manteiga de Karité: emoliente, nutrição, brilho e suavidade
• Ação condicionante (pH 3,0 a 4,0)","• Cabelos ondulados, cacheados, crespos e em transição
• Liberado para No Poo e Low Poo
• Uso diário
• Consumidoras frequentes do Ativador Cachos
• Crianças acima de 3 anos","• Mesma fórmula do Ativador 500g — define, modela e anti-frizz
• Melhor custo-benefício para uso frequente
• Ação condicionante sem resíduo
• Define sem pesar, sem efeito durinho","• 204+ avaliações ⭐ 4.55
• pH 3,0 a 4,0
• Liberado No Poo e Low Poo
• Vegano","• Fixação média com efeito condicionante
• Uso diário sem acúmulo",• Fragrância marcante da linha Cachos,"1. Lave com o Shampoo Cachos
2. Mantenha o cabelo úmido
3. Aplique na mecha deslizando do comprimento às pontas
4. Técnica de fitagem preferida
5. Seque naturalmente ou com difusor
6. Combine com Gelatina para mais definição
7. No day after, aplique em fios secos","P: É a mesma fórmula do 500g? R: Sim.
P: É mais econômico? R: Sim, custo por ml menor.
P: Tem No Poo? R: Sim.","• Vegano
• Cruelty free
• Livre de sulfatos, silicones e parabenos
• Liberado No Poo e Low Poo
• Crianças a partir de 3 anos","Versão grande para consumidoras frequentes. Posicionar em upsell na PDP do 500g. Mesmo produto, menor custo por uso."